{
  "High Accuracy": {
    "r2": 0.9983497229423528,
    "rmse": 11.776060832263617,
    "mae": 7.478824011964938,
    "mse": 138.67560872517328
  },
  "Medium Accuracy": {
    "r2": 0.47684493686299045,
    "rmse": 446.15402779963324,
    "mae": 252.69873865453852,
    "mse": 199053.41652183593
  },
  "Poor Accuracy": {
    "r2": 0.28504846214465007,
    "rmse": 1173.8280518565866,
    "mae": 663.8290357124771,
    "mse": 1377872.2953254296
  }
}