{"train_metrics": {"r2": 0.9951732580441874, "rmse": 20.612624589493137, "mae": 13.527214809806472, "mape": 3.744725908636614}, "test_metrics": {"r2": 0.9944715344267018, "rmse": 21.616182022919066, "mae": 14.007429614565106, "mape": 3.9056267719800988}}