{"train_metrics": {"r2": 0.9951732580441874, "rmse": 20.612624589493134, "mae": 13.52721480980647, "mape": 3.7447259086366125}, "test_metrics": {"r2": 0.9944715344267018, "rmse": 21.616182022919062, "mae": 14.007429614565105, "mape": 3.9056267719800974}}